{
    "accuracy": 0.6157767382167564,
    "classification_report": {
        "0": {
            "support": null,
            "f1-score": 0.6459232836624298,
            "recall": 0.6609357242320925,
            "precision": 0.6315776793491354
        },
        "1": {
            "support": null,
            "f1-score": 0.580019019228305,
            "recall": 0.5648023082463326,
            "precision": 0.5960783588900005
        },
        "accuracy": null,
        "weighted avg": {
            "support": null,
            "f1-score": 0.6149645402804979,
            "recall": 0.6157767382167563,
            "precision": 0.614901757665405
        }
    },
    "model": "Gradient Boosted Trees",
    "rows": 3891415,
    "time_seconds": 245.18445682525635,
    "timestamp": 1765771092
}